id,ISBN
1,0195153448
2,0195153448
3,0195153448
4,0195153448
5,0195153448
6,0002005018
7,0002005018
8,0002005018
9,0002005018
10,0002005018
11,0002005018
1,0060973129
3,0060973129
12,0060973129
1,0374157065
3,0374157065
13,0374157065
1,0393045218
3,0393045218
6,0399135782
8,0399135782
14,0399135782
11,0399135782
1,0425176428
3,0425176428
12,0425176428
15,0425176428
6,0671870432
16,0671870432
17,0671870432
18,0671870432
19,0671870432
20,0671870432
21,0671870432
1,0679425608
3,0679425608
10,0679425608
22,0679425608
23,074322678X
6,074322678X
24,074322678X
25,074322678X
26,074322678X
27,074322678X
6,0771074670
7,0771074670
9,0771074670
11,0771074670
1,080652121X
3,080652121X
23,0887841740
6,0887841740
7,0887841740
24,0887841740
28,0887841740
9,0887841740
29,0887841740
3,1558746218
30,1558746218
31,1558746218
23,1558746218
32,1558746218
29,1558746218
5,1558746218
16,1567407781
6,1567407781
19,1567407781
3,1575663937
1,1575663937
6,0440234743
18,0440234743
16,0440234743
17,0440234743
21,0440234743
19,0440234743
20,0440234743
6,0452264464
2,0452264464
8,0452264464
33,0452264464
24,0452264464
10,0452264464
28,0609804618
6,0609804618
34,0609804618
35,0609804618
4,0609804618
8,0609804618
4,1841721522
36,0061076031
37,0061076031
6,0061076031
37,0439095026
3,0439095026
8,0689821166
36,0689821166
37,0689821166
6,0689821166
22,0689821166
6,0971880107
38,0971880107
11,0971880107
39,0971880107
40,0971880107
6,0345402871
18,0345402871
16,0345402871
41,0345402871
21,0345402871
20,0345402871
22,0345402871
41,0345417623
6,0345417623
18,0345417623
8,0345417623
38,0345417623
22,0345417623
41,0684823802
6,0684823802
38,0684823802
2,0684823802
42,0684823802
43,0684823802
44,0684823802
6,0375759778
8,0375759778
45,0375759778
24,0375759778
11,0375759778
10,0375759778
6,0425163091
6,3404921038
7,3404921038
14,3404921038
28,3404921038
11,3404921038
2,3404921038
8,3442410665
6,3442410665
10,3442410665
46,3442410665
47,3442410665
12,3442410665
6,0375406328
5,0375406328
48,0375406328
24,0375406328
14,0375406328
11,0375406328
9,0375406328
2,0446310786
6,0446310786
8,0446310786
27,0446310786
24,0446310786
49,0446310786
10,0446310786
3,0449005615
1,0449005615
50,0449005615
51,0449005615
10,0449005615
6,0060168013
14,0060168013
9,0060168013
39,0060168013
11,0060168013
24,0060168013
32,0060168013
16,038078243X
52,038078243X
6,038078243X
2,055321215X
6,055321215X
46,055321215X
8,055321215X
24,055321215X
10,055321215X
11,055321215X
6,0061099686
53,0061099686
54,0061099686
8,0061099686
46,0061099686
55,0061099686
29,0061099686
56,0553582909
6,0553582909
18,0553582909
21,0553582909
16,0553582909
22,0553582909
20,0553582909
16,0671888587
6,0671888587
21,0671888587
18,0671888587
20,0671888587
19,0671888587
32,0671888587
56,0553582747
6,0553582747
18,0553582747
21,0553582747
16,0553582747
38,0553582747
20,0553582747
16,0425182908
6,0425182908
19,0425182908
18,0425182908
21,0425182908
20,0425182908
57,0425182908
16,042518630X
46,042518630X
19,042518630X
6,042518630X
58,042518630X
21,042518630X
6,0440223571
23,0440223571
46,0440223571
54,0440223571
59,0440223571
41,0812523873
6,0812523873
6,0842342702
42,0842342702
43,0842342702
38,0842342702
5,0842342702
18,0842342702
6,0440225701
18,0440225701
16,0440225701
17,0440225701
19,0440225701
21,0440225701
3,0060914068
31,0060914068
48,0060914068
60,0060914068
6,0156047624
2,0156047624
8,0156047624
35,0156047624
24,0156047624
11,0156047624
25,0156047624
6,0380715899
8,0380715899
12,0380715899
10,0380715899
24,0380715899
31,0553280333
60,0553280333
3,0553280333
6,0671623249
8,0671623249
2,0671623249
10,0671623249
22,0671623249
11,0671623249
49,0679810307
6,0679810307
8,0679810307
61,0679810307
10,0679810307
49,0679865691
6,0679865691
8,0679865691
10,0679865691
13,0345260317
3,0345260317
62,0345260317
60,0345260317
1,0345260317
6,0394743741
28,0394743741
2,0394743741
26,0394743741
6,042511774X
14,042511774X
9,042511774X
11,042511774X
24,042511774X
39,042511774X
25,042511774X
6,0804106304
8,0804106304
2,0804106304
14,0804106304
39,0804106304
32,0804106304
2,1853262404
6,1853262404
24,1853262404
23,1853262404
22,1853262404
11,1853262404
6,0312970242
2,1853260053
6,1853260053
46,1853260053
24,1853260053
8,1853260053
63,1853260053
54,0060938412
6,0060938412
46,0060938412
28,0060938412
39,0060938412
14,0060938412
32,0060938412
62,0140067477
3,0140067477
48,0140067477
5,0140067477
31,0140067477
40,0140067477
3,0345465083
1,0345465083
50,0345465083
51,0345465083
10,0345465083
2,0451625889
62,0451625889
3,0451625889
35,0451625889
1,0451625889
24,0451625889
3,1558531025
31,1558531025
62,1558531025
30,1558531025
48,1558531025
60,1558531025
41,0441783589
6,0441783589
2,0441783589
12,0441783589
44,0441783589
16,0394895894
49,0394895894
8,0394895894
6,0394895894
10,0394895894
38,0394895894
22,0394895894
2,1569871213
6,1569871213
37,1569871213
51,1569871213
49,1569871213
8,1569871213
28,087113375X
3,087113375X
34,087113375X
15,087113375X
31,087113375X
25,087113375X
6,0340767936
54,0340767936
28,0340767936
46,0340767936
14,0340767936
11,0340767936
64,0340767936
41,0743403843
18,0743403843
6,0743403843
16,0743403843
22,0743403843
65,0743403843
66,0060930365
50,0060177586
35,0060177586
3,0060177586
66,0060177586
1,0060177586
67,0060177586
68,0060177586
35,0375509038
50,0375509038
3,0375509038
1,0375509038
10,0375509038
6,0553062042
8,0553062042
22,0553062042
10,0553062042
65,0553062042
63,0553062042
2,0316769487
6,0316769487
49,0316769487
24,0316769487
27,0316769487
11,0316769487
69,0316769487
38,8445071408
2,8445071408
6,8445071408
22,8445071408
70,8445071408
44,8445071408
38,8445071769
2,8445071769
6,8445071769
22,8445071769
70,8445071769
44,8445071769
38,8445071777
6,8445071777
2,8445071777
22,8445071777
70,8445071777
44,8445071777
3,0679429220
16,0679429220
19,0679429220
1,0679429220
53,0679429220
2,0679429220
46,0312252617
54,0312252617
64,0312252617
6,0312252617
14,0312252617
16,0312252617
28,0312252617
54,0312261594
46,0312261594
6,0312261594
28,0312261594
64,0312261594
16,0312261594
39,0312261594
45,0316748641
66,0316748641
3,0316748641
67,0316748641
1,0316748641
6,0316973742
8,0316973742
18,0316973742
11,0316973742
5,0316973742
9,0316973742
71,0316973742
23,0385235941
6,0385235941
3,0446677450
31,0446677450
8,0451166892
6,0451166892
10,0451166892
38,0451166892
2,0451166892
40,0451166892
3,0553347594
50,0553347594
1,0553347594
3,0671621009
31,0671621009
6,067976397X
8,067976397X
46,067976397X
2,067976397X
12,067976397X
10,067976397X
51,0684822733
3,0684822733
6,0786868716
14,0786868716
30,0786868716
38,0786868716
2,0786868716
48,0786868716
32,0786868716
46,8472238822
72,8472238822
41,0671864769
6,0671864769
44,0671864769
11,0671864769
6,0671521519
49,0671521519
2,0671521519
61,0671521519
37,0671521519
27,0671521519
69,0671521519
41,0440222303
6,0440222303
44,0440222303
18,0312953453
20,0312953453
6,0312953453
16,0312953453
22,0312953453
56,0312953453
46,0446608653
16,0446608653
58,0446608653
21,0446608653
6,0446608653
18,0446608653
14,0446608653
16,0446612545
6,0446612545
18,0446612545
19,0446612545
21,0446612545
20,0446612545
46,0446612618
64,0446612618
14,0446612618
6,0446612618
54,0446612618
40,0446612618
16,0451208080
6,0451208080
18,0451208080
20,0451208080
21,0451208080
19,0451208080
57,0451208080
16,0553584383
21,0553584383
6,0553584383
18,0553584383
46,0553584383
20,0553584383
58,0553584383
6,0671027360
16,0671027360
18,0671027360
20,0671027360
21,0671027360
22,0671027360
19,0671027360
6,0316735736
8,0316735736
46,0316735736
54,0316735736
14,0316735736
10,0316735736
73,0316735736
3,0743439740
19,0743439740
16,0743439740
40,0743439740
32,0743439740
50,0743439740
28,0345372700
3,0345372700
50,0345372700
53,0345372700
34,0345372700
15,0345372700
66,0345372700
6,0380619458
22,0380619458
45,0380619458
2,0380619458
9,0380619458
11,0380619458
24,0380619458
28,0446325805
3,0446325805
15,0446325805
50,0446325805
53,0446325805
3,0451406923
56,0671042858
6,0671042858
18,0671042858
21,0671042858
16,0671042858
38,0671042858
3,0743249992
50,0743249992
66,0743249992
19,0743249992
1,0743249992
38,0840734530
42,0840734530
6,0425184226
18,0425184226
65,0425184226
21,0425184226
22,0425184226
3,0375500766
50,0375500766
30,0375500766
6,9724119378
8,9724119378
14,9724119378
2,9724119378
9,9724119378
46,0451205197
6,0060929790
2,0060929790
33,0060929790
24,0060929790
38,0060929790
11,0060929790
8,0060929790
6,0060976845
54,0060976845
53,0060976845
14,0060976845
8,0060976845
69,0060976845
39,0060976845
16,0061099325
6,0061099325
20,0061099325
19,0061099325
57,0061099325
16,0671004573
6,0671004573
21,0671004573
18,0671004573
20,0671004573
19,0671004573
32,0671004573
46,0446601640
6,0446601640
14,0446601640
39,0446601640
54,0446601640
11,0446601640
31,0330484516
48,0330484516
6,038572179X
8,038572179X
2,038572179X
46,038572179X
10,038572179X
12,038572179X
9,038572179X
3,0393020371
40,0393020371
6,1900850303
6,1903019699
6,0345425294
19,0345425294
18,0345425294
16,0345425294
8,0345425294
20,0345425294
24,0345425294
16,0451410319
18,0451410319
21,0451410319
6,0451410319
19,0451410319
20,0451410319
56,0451410319
16,0553583468
74,0553583468
46,0553583468
6,0553583468
58,0553583468
21,0553583468
18,0553583468
62,8420639133
3,8420639133
5,8420639133
2,8420639133
60,8420639133
62,8476409419
3,8476409419
15,8476409419
60,8476409419
2,0380778556
6,0380778556
16,0380778556
46,0380778556
8,0380778556
18,0380778556
2,0451525221
6,0451525221
8,0451525221
27,0451525221
24,0451525221
54,0385336772
6,0385336772
28,0385336772
46,0385336772
39,0385336772
25,0385336772
49,0440949424
16,0440949424
6,0440949424
56,0440949424
18,0440949424
38,0440949424
74,0440949424
46,0505524996
41,0505524996
38,0505524996
6,0505524996
16,0140252800
6,0140252800
19,0140252800
21,0140252800
18,0140252800
20,0140252800
71,0140252800
38,0451452755
6,0451452755
51,0451452755
16,0451452755
49,0451452755
75,0451452755
38,0812575482
6,0812575482
70,0812575482
75,0812575482
32,0812575482
22,0812575482
6,044651747X
46,044651747X
16,044651747X
22,044651747X
25,044651747X
18,044651747X
11,044651747X
2,0060801263
6,0060801263
8,0060801263
49,0060801263
69,0060801263
10,0060801263
24,0060801263
3,0061030147
50,0061030147
66,0061030147
68,0061030147
67,0061030147
28,0061030147
6,0140250964
9,0140250964
16,0140250964
11,0140250964
19,0140250964
69,0140250964
14,0140250964
6,0446527165
8,0446527165
16,0446527165
18,0446527165
10,0446527165
73,0446527165
76,0446527165
41,0671461494
6,0671461494
28,0671461494
2,0671461494
38,0671461494
34,0671461494
44,0671461494
6,0385337639
7,0385337639
14,0385337639
76,0385337639
9,0385337639
39,0385337639
69,0385337639
2,039575514X
6,039575514X
8,039575514X
24,039575514X
27,039575514X
25,039575514X
11,039575514X
54,0451206673
6,0451206673
46,0451206673
28,0451206673
14,0451206673
64,0451206673
55,0451206673
6,0330332775
54,0330332775
46,0330332775
28,0330332775
14,0330332775
32,0330332775
34,0330332775
2,0486284735
6,0486284735
46,0486284735
8,0486284735
24,0486284735
10,0486284735
11,0486284735
16,0671021745
6,0671021745
16,0671047612
6,0671047612
49,0671047612
57,0671047612
37,0671047612
49,0671504282
16,0671504282
16,0399138684
6,0399138684
52,0399138684
51,0399138684
40,0399138684
19,0399138684
3,0785263292
42,0830714014
3,0830714014
76,0830714014
38,0345354931
6,0345354931
28,0345354931
44,0345354931
49,0345354931
75,0345354931
41,0345354931
41,0553278223
6,0553278223
2,0553278223
23,0553278223
38,0553278223
44,0553278223
40,0553278223
2,3150000335
27,3150000335
73,3150000335
6,3150000335
41,3257203659
23,3257203659
6,3257203659
2,3257203659
38,3257203659
56,3257203659
44,3257203659
19,3257207522
22,3257207522
2,3257208626
6,3257208626
41,3257208626
27,3257208626
24,3257208626
11,3257208626
41,3257208634
6,3257208634
2,3257208634
23,3257208634
38,3257208634
44,3257208634
40,3257208634
56,3257208669
38,3257208669
6,3257208669
2,3257208669
41,3257208669
49,3257208669
6,3257210450
2,3257210450
41,3257210450
38,3257210450
49,3257210450
23,3257210450
69,3257210450
41,3257212054
23,3257212054
6,3257212054
38,3257212054
2,3257212054
44,3257212054
56,3257212054
41,3257212429
23,3257212429
6,3257212429
38,3257212429
44,3257212429
2,3257212429
56,3257214154
23,3257214154
6,3257214154
38,3257214154
41,3257214154
2,3257214154
23,3257216416
56,3257216416
16,3257216416
6,3257216416
41,3257216416
19,3257216416
38,3257216416
6,3257233051
14,3257233051
62,3257233051
11,3257233051
60,3257233051
46,3257233051
6,342311360X
2,342311360X
8,342311360X
46,342311360X
33,342311360X
24,342311360X
11,342311360X
6,3423116714
41,3423116714
9,3423116714
77,3423116714
11,3423116714
29,3423116714
14,3423116714
54,3423241489
6,3423241489
46,3423241489
28,3423241489
11,3423241489
34,3423241489
8,3426605686
6,3426605686
33,3426605686
10,3426605686
38,3426605686
32,3426605686
9,3426605686
6,3453212150
28,3453212150
49,3453212150
34,3453212150
14,3453212150
71,3453212150
11,3453212150
6,3462021095
14,3462021095
3,3492045642
35,3492045642
28,3492045642
15,3492045642
1,3492045642
34,3492045642
6,3498020862
14,3498020862
11,3498020862
9,3498020862
24,3498020862
25,3498020862
76,3498020862
23,3499110695
6,3499110695
2,3499110695
24,3499110695
25,3499110695
26,3499110695
9,3499110695
6,3499151502
2,3499151502
23,3499151502
24,3499151502
25,3499151502
11,3499151502
9,3499151502
2,3518111000
6,3518111000
24,3518111000
11,3518111000
59,3518111000
26,3518111000
6,3548254268
54,3548254268
14,3548254268
11,3548254268
71,3548254268
55,3548254268
6,3570300099
49,3570300099
28,3570300099
34,3570300099
37,3570300099
71,3570300099
14,3570300099
6,3596292646
23,3596292646
24,3596292646
2,3596292646
11,3596292646
46,3596292646
6,0060977493
8,0060977493
14,0060977493
2,0060977493
9,0060977493
16,0316602906
6,0316602906
18,0316602906
19,0316602906
21,0316602906
20,0316602906
57,0316602906
16,0316693006
6,0316693006
18,0316693006
19,0316693006
20,0316693006
21,0316693006
40,0316693006
16,0345311396
6,0345311396
18,0345311396
17,0345311396
19,0345311396
21,0345311396
20,0345311396
6,0345378490
41,0345378490
18,0345378490
22,0345378490
56,0345378490
16,0345378490
21,0345378490
6,0345404793
16,0345404793
18,0345404793
35,0345404793
19,0345404793
17,0345404793
21,0345404793
6,0345433173
54,0345433173
28,0345433173
14,0345433173
55,0345433173
39,0345433173
46,0345433173
6,0375400117
8,0375400117
46,0375400117
10,0375400117
2,0375400117
32,0375400117
6,0375705856
9,0375705856
14,0375705856
11,0375705856
24,0375705856
39,0375705856
78,0375705856
16,0380717018
19,0380717018
6,0380717018
18,0380717018
20,0380717018
21,0380717018
16,0380718332
19,0380718332
6,0380718332
18,0380718332
20,0380718332
21,0380718332
46,038076654X
47,038076654X
10,038076654X
8,038076654X
6,038076654X
32,038076654X
46,0380807866
47,0380807866
10,0380807866
6,0380807866
8,0380807866
32,0380807866
6,0385316895
8,0385316895
46,0385316895
11,0385316895
54,0385316895
10,0385316895
6,0385497466
18,0385497466
16,0385497466
17,0385497466
21,0385497466
19,0385497466
20,0385497466
6,0385508042
18,0385508042
16,0385508042
17,0385508042
21,0385508042
19,0385508042
20,0385508042
6,0385509456
16,0385509456
49,0385509456
14,0385509456
2,0385509456
11,0385509456
6,0385511612
16,0385511612
18,0385511612
14,0385511612
39,0385511612
49,0385730586
6,0385730586
54,0385730586
14,0385730586
46,0385730586
61,0385730586
46,0425164403
6,0425164403
11,0425164403
39,0425164403
54,0425164403
6,0440234964
46,0440234964
21,0440234964
16,0440234964
18,0440234964
58,0440234964
16,0446605484
6,0446605484
18,0446605484
19,0446605484
21,0446605484
20,0446605484
57,0446605484
46,0446610399
6,0446610399
54,0446610399
14,0446610399
32,0446610399
39,0446610399
64,0446610399
56,0449006522
6,0449006522
18,0449006522
16,0449006522
21,0449006522
32,0449006522
20,0449006522
6,0449911004
54,0449911004
28,0449911004
39,0449911004
14,0449911004
78,0449911004
55,0449911004
56,0451162072
6,0451162072
18,0451162072
38,0451162072
40,0451162072
74,0451162072
32,0451162072
16,0451186648
6,0451186648
20,0451186648
21,0451186648
32,0451186648
18,0451186648
8,0451186648
8,0452282152
6,0452282152
10,0452282152
2,0452282152
46,0452282152
32,0452282152
16,051513290X
18,051513290X
6,0553580388
18,0553580388
16,0553580388
21,0553580388
19,0553580388
20,0553580388
37,0590629719
51,0590629719
6,0590629719
2,0590629719
16,0671023616
19,0671023616
6,0671023616
18,0671023616
20,0671023616
21,0671023616
6,0671027387
18,0671027387
16,0671027387
21,0671027387
20,0671027387
22,0671027387
19,0671027387
3,0684848783
66,0684848783
50,0684848783
68,0684848783
59,0684848783
67,0684848783
6,0743486226
16,0743486226
18,0743486226
20,0743486226
21,0743486226
22,0743486226
19,0743486226
3,0786863986
66,0786863986
50,0786863986
59,0786863986
68,0786863986
67,0786863986
28,0786863986
1,0803251718
3,0803251718
50,0803251718
67,0803251718
16,0804117934
8,0804117934
6,0804117934
10,0804117934
19,0804117934
16,140003180X
6,140003180X
19,140003180X
52,140003180X
57,140003180X
3,155874262X
31,155874262X
30,155874262X
23,155874262X
60,155874262X
48,155874262X
38,0060987103
6,0060987103
32,0060987103
44,0060987103
39,0060987103
6,0151008116
38,0151008116
2,0151008116
22,0151008116
14,0151008116
33,0151008116
11,0151008116
16,0375704965
6,0375704965
19,0375704965
18,0375704965
20,0375704965
71,0375704965
21,0375704965
35,0525947647
3,0525947647
28,0525947647
34,0525947647
1,0525947647
40,0525947647
6,0804111359
16,0804111359
14,0804111359
2,0804111359
18,0804111359
9,0804111359
20,0804111359
3,1558744150
30,1558744150
31,1558744150
23,1558744150
48,1558744150
29,1558744150
42,1558744150
6,0316782505
8,0316782505
16,0316782505
14,0316782505
10,0316782505
54,0316782505
39,0316782505
38,006102063X
6,006102063X
28,006102063X
34,006102063X
44,006102063X
40,006102063X
75,006102063X
38,0060013117
6,0060013117
28,0060013117
34,0060013117
44,0060013117
40,0060013117
38,0060199563
6,0060199563
28,0060199563
34,0060199563
44,0060199563
40,0060199563
2,006052779X
37,006052779X
6,006052779X
38,006052779X
49,006052779X
51,006052779X
36,006052779X
2,0060563079
38,0060563079
6,0060563079
37,0060563079
22,0060563079
49,0060563079
36,0060563079
2,0060809027
6,0060809027
51,0060809027
49,0060809027
37,0060809027
36,0060809027
38,0061040967
6,0061040967
28,0061040967
34,0061040967
44,0061040967
75,0061040967
38,0061050474
6,0061050474
28,0061050474
34,0061050474
44,0061050474
40,0061050474
11,0061050474
38,0061052515
6,0061052515
28,0061052515
34,0061052515
44,0061052515
40,0061052515
38,0061052523
6,0061052523
28,0061052523
34,0061052523
44,0061052523
40,0061052523
75,0061052523
49,0064472264
6,0064472264
28,0064472264
54,0064472264
46,0064472264
14,0064472264
2,0140620664
6,0140620664
46,0140620664
8,0140620664
24,0140620664
10,0140620664
63,0140620664
2,0312148267
6,0312148267
37,0312148267
38,0312148267
51,0312148267
49,0312148267
22,0312148267
8,0312156960
38,0312156960
6,0312156960
10,0312156960
38,0312890044
79,0312890044
6,0312890044
44,0312890044
7,0312890044
32,0312890044
49,0312890044
38,034543191X
2,034543191X
6,034543191X
70,034543191X
44,034543191X
46,034543191X
46,0373836023
8,0373836023
47,0373836023
10,0373836023
6,0373836023
2,0375751513
6,0375751513
56,0375751513
38,0375751513
24,0375751513
11,0375751513
37,0375801677
6,0375801677
41,0375801677
38,0375801677
2,0375801677
11,0375801677
36,0375801677
37,0375814248
38,0375814248
6,0375814248
2,0375814248
49,0375814248
36,0375814248
22,0375814248
38,0375823352
49,0375823352
6,0375823352
37,0375823352
22,0375823352
41,0375823352
40,0375823352
38,037582345X
49,037582345X
6,037582345X
37,037582345X
22,037582345X
41,037582345X
36,037582345X
38,0375823468
49,0375823468
6,0375823468
37,0375823468
22,0375823468
41,0375823468
40,0375823468
6,0380730448
28,0380730448
49,0380730448
71,0380730448
34,0380730448
37,0380730448
69,0380730448
41,0380973839
6,0380973839
2,0380973839
23,0380973839
38,0380973839
44,0380973839
40,0380973839
38,0385327773
49,0385327773
6,0385327773
8,0385327773
6,0394586239
8,0394586239
46,0394586239
2,0394586239
16,0394586239
10,0394586239
9,0394586239
49,0439510112
6,0439510112
46,0439510112
14,0439510112
61,0439510112
69,0439510112
54,0440241413
6,0440241413
46,0440241413
14,0440241413
28,0440241413
32,0440241413
39,0440241413
54,0451409256
6,0451409256
46,0451409256
14,0451409256
64,0451409256
32,0451409256
11,0451409256
2,0451523415
6,0451523415
8,0451523415
49,0451523415
46,0451523415
10,0451523415
24,0451523415
2,0451526341
6,0451526341
38,0451526341
35,0451526341
24,0451526341
27,0451526341
6,0553280589
33,0553280589
8,0553280589
2,0553280589
46,0553280589
6,0571197639
8,0571197639
2,0571197639
10,0571197639
9,0571197639
24,0571197639
38,0670035262
23,0670035262
6,0670035262
49,0670035262
2,0679423079
6,0679423079
24,0679423079
63,0679423079
8,0679423079
71,0679423079
6,0679751343
8,0679751343
23,0679751343
10,0679751343
9,0679751343
11,0679751343
14,0679751343
2,0684833395
6,0684833395
8,0684833395
12,0684833395
28,0684833395
24,0684833395
11,0684833395
2,0743245024
6,0743245024
8,0743245024
71,0743245024
24,0743245024
46,0743245024
10,0743245024
38,0749748001
37,0749748001
2,0749748001
6,0749748001
22,0749748001
36,0749748001
75,0749748001
38,0749748028
37,0749748028
2,0749748028
6,0749748028
22,0749748028
75,0749748028
49,0749748028
38,0963094424
23,0963094424
6,0963094424
80,0963094424
56,0963094424
79,0963094424
38,1401201172
6,1401201172
41,1401201172
38,1563892278
6,1563892278
56,1563892278
38,1563898586
6,1563898586
41,1563898586
38,156971620X
6,156971620X
23,156971620X
56,156971620X
3,1592571301
6,0374270325
24,0374270325
11,0374270325
62,0374270325
14,0374270325
9,0374270325
2,0374270325
6,0375719180
69,0375719180
14,0375719180
11,0375719180
78,0375719180
9,0375719180
8,0375719180
3,0440235502
66,0440235502
50,0440235502
13,0440235502
1,0440235502
67,0440235502
6,044023722X
16,044023722X
8,044023722X
18,044023722X
21,044023722X
11,044023722X
10,044023722X
6,1573225487
5,1573225487
69,1573225487
8,1573225487
11,1573225487
2,1853260673
6,1853260673
46,1853260673
8,1853260673
63,1853260673
24,1853260673
3,0060977477
1,0060977477
22,0060977477
50,0060977477
10,0060977477
5,0345391691
1,0345391691
3,0345391691
62,0345391691
48,0345391691
80,0520011171
2,0520011171
72,0520011171
81,0520011171
1,0520011171
41,0553278746
6,0553278746
38,0553278746
44,0553278746
6,0670856045
14,0670856045
78,0670856045
27,0670856045
9,0670856045
11,0670856045
24,0670856045
62,0872200760
2,0872200760
3,0872200760
27,0872200760
1,0872200760
3,0937858994
37,0937858994
13,0937858994
31,0937858994
6,0671649949
72,0671649949
81,0671649949
28,0671649949
14,0671649949
8,0590431110
6,0590431110
37,0590431110
10,0590431110
61,0064470113
49,0553571486
6,0553571486
46,0553571486
14,0553571486
43,0553571486
42,0553571486
6,0312963009
41,0312963009
18,0312963009
22,0312963009
56,0312963009
38,0312963009
56,0345430476
6,0345430476
18,0345430476
38,0345435869
6,0345435869
70,0345435869
44,0345435869
4,0345435869
75,0345435869
3,0380728729
28,0380728729
34,0380728729
50,0380728729
66,0380728729
67,0380728729
38,038081840X
23,038081840X
6,038081840X
79,038081840X
28,0449912302
3,0449912302
34,0449912302
15,0449912302
40,0449912302
56,055329198X
38,055329198X
38,0671018930
6,0671018930
43,0671018930
56,0812541642
18,0812541642
41,0812541642
6,0812541642
20,0812541642
38,0812541642
44,0812541642
16,0312988699
6,0312988699
21,0312988699
19,0312988699
20,0312988699
2,0486282112
6,0486282112
56,0486282112
41,0486282112
38,0486282112
27,0486282112
41,0670815373
49,0670815373
37,0670815373
44,0670815373
16,0385313748
6,0385313748
19,0385313748
8,0385313748
20,0385313748
10,0385313748
65,0385313748
37,1575843366
16,0684193957
19,0684193957
6,0684193957
18,0684193957
20,0684193957
21,0684193957
3,0345371984
13,0345371984
45,0345371984
28,0345371984
51,0345371984
6,0380730138
14,0380730138
8,0380730138
39,0380730138
76,0380730138
9,0380730138
32,0380730138
8,1573228737
6,1573228737
72,1573228737
10,1573228737
81,1573228737
16,1573228737
2,9681500555
3,9681500555
1,9681500555
50,9681500555
66,9681500555
10,9681500555
3,0380711109
15,0380711109
66,0380711109
13,0380711109
35,0452283914
3,0452283914
1,0452283914
6,0425120279
18,0425120279
16,0425120279
21,0425120279
22,0425120279
47,067153484X
46,067153484X
10,067153484X
6,067153484X
21,067153484X
8,067153484X
16,0380728273
6,0380728273
20,0380728273
19,0380728273
18,0380728273
21,0380728273
40,0380728273
3,8484509141
66,8484509141
50,8484509141
4,8484509141
40,8484509141
68,8484509141
16,0446606197
6,0446606197
20,0446606197
52,0446606197
53,0446606197
21,0446606197
40,0446606197
6,1559703237
23,1559703237
15,1559703237
24,1559703237
25,1559703237
11,1559703237
9,1559703237
2,3596214629
6,3596214629
49,3596214629
27,3596214629
24,3596214629
45,0062770500
45,0671847546
3,0671847546
6,0060188731
14,0060188731
9,0060188731
78,0060188731
11,0060188731
8,0060188731
37,0140374248
38,0140374248
6,0140374248
2,0140374248
49,0140374248
36,0140374248
22,0140374248
6,0142001740
8,0142001740
49,0142001740
2,0142001740
10,0142001740
14,0142001740
39,0142001740
6,0312995423
18,0312995423
16,0312995423
21,0312995423
20,0312995423
19,0312995423
41,0312995423
6,0380704587
8,0380704587
46,0380704587
10,0380704587
47,0380704587
11,0380704587
6,0380815923
33,0380815923
82,0380815923
14,0380815923
46,0380815923
38,0380815923
11,0380815923
6,0385416342
18,0385416342
16,0385416342
19,0385416342
17,0385416342
21,0385416342
20,0385416342
1,0385418493
3,0385418493
59,0385418493
10,0385418493
5,0385418493
6,038542471X
18,038542471X
16,038542471X
19,038542471X
21,038542471X
17,038542471X
20,038542471X
41,0425098109
6,0449005410
51,0449005410
14,0449005410
9,0449005410
11,0449005410
16,0449202631
6,0449202631
18,0449202631
19,0449202631
21,0449202631
20,0449202631
71,0449202631
16,0449207544
6,0449207544
18,0449207544
19,0449207544
20,0449207544
21,0449207544
71,0449207544
46,0515128554
64,0515128554
6,0515128554
38,0515128554
14,0515128554
74,0515128554
59,0515128554
41,0517577402
6,0517577402
28,0517577402
38,0517577402
34,0517577402
44,0517577402
2,0517577402
37,0590450875
3,0590450875
4,0590450875
16,0590450875
37,0590481371
3,0590481371
56,0590481371
46,067103619X
6,067103619X
54,067103619X
64,067103619X
14,067103619X
55,067103619X
32,067103619X
16,0684177730
6,0684177730
19,0684177730
20,0684177730
57,0684177730
71,0684177730
18,0684177730
46,0743411269
6,0743411269
54,0743411269
14,0743411269
16,0743411269
73,0743411269
64,0743411269
16,0743470389
6,0743470389
72,0743470389
18,0743470389
56,0743470389
20,0743470389
16,076218857X
6,076218857X
57,076218857X
19,076218857X
20,076218857X
40,076218857X
2,076218857X
66,0767905938
3,0767905938
50,0767905938
29,0767905938
31,0767905938
67,0767905938
68,0767905938
5,0800706544
42,0800706544
50,0801096677
42,0849953014
5,0849953014
42,0891091963
3,0891091963
60,0891091963
48,0891091963
66,0915811537
3,0915811537
60,0915811537
3,0927545373
42,0927545373
5,0927545373
42,1880185008
3,1880185008
49,0140345809
41,0140345809
6,0140345809
56,0140345809
38,0140345809
2,0156528207
6,0156528207
38,0156528207
37,0156528207
82,0156528207
62,0156528207
49,0156528207
6,0380012863
2,0380012863
62,0380012863
38,0380012863
48,0380012863
30,0380012863
31,0380012863
4,0451154916
3,0451154916
3,0785815147
48,0785815147
5,0785815147
3,0875421288
4,0875421288
48,0875421288
75,0875421288
5,1567184294
4,1567184294
3,1567184294
3,156718796X
48,156718796X
3,1862047626
37,0020437501
51,0020437501
6,0020437501
2,0020437501
28,0020437501
2,0198320264
6,0198320264
73,0198320264
27,0198320264
8,0198320264
64,0373196989
46,0373196989
46,0373245580
64,0373245580
14,0373245580
2,0451527747
38,0451527747
6,0451527747
37,0451527747
49,0451527747
24,0451527747
22,0451527747
16,0671867113
6,0671867113
21,0671867113
18,0671867113
20,0671867113
19,0671867113
32,0671867113
2,0812504208
6,0812504208
22,0812504208
8,0812504208
49,0812504208
24,0812504208
37,0812504208
6,0060173289
54,0060173289
14,0060173289
39,0060173289
53,0060173289
32,0060173289
8,0060173289
3,0060973897
66,0060973897
1,0060973897
50,0060973897
67,0060973897
77,0060973897
68,0060973897
3,006101351X
1,006101351X
22,006101351X
50,006101351X
10,006101351X
1,0140104682
35,0140104682
3,0140104682
77,0140104682
76,0140104682
28,0312143370
15,0312143370
35,0312143370
3,0312143370
34,0312143370
53,0312143370
6,0316666343
16,0316666343
49,0316666343
14,0316666343
38,0316666343
19,0316666343
18,0316666343
6,039456894X
11,039456894X
24,039456894X
45,039456894X
28,039456894X
14,039456894X
9,039456894X
56,0440224675
6,0440224675
18,0440224675
19,0440224675
16,0440224675
20,0440224675
21,0440224675
8,0449002632
6,0449002632
10,0449002632
71,0449002632
11,0449002632
45,0449002632
6,0449213773
7,0449213773
9,0449213773
14,0449213773
11,0449213773
24,0449213773
6,0452279690
81,0452279690
11,0452279690
53,0452279690
72,0452279690
14,0452279690
9,0452279690
6,0553569058
7,0553569058
14,0553569058
9,0553569058
77,0553569058
24,0553569058
11,0553569058
3,0679427430
66,0679427430
80,0679427430
50,0679427430
15,0679427430
68,0679427430
2,0679725393
6,0679725393
8,0679725393
24,0679725393
25,0679725393
11,0679725393
3,0802114369
66,0802114369
1,0802114369
67,0802114369
50,0802114369
1,0803233019
3,0803233019
50,0803233019
66,0803233019
5,0803233019
48,0803233019
62,0803233019
6,0940322978
26,0940322978
34,0940322978
9,0940322978
24,0940322978
35,1579651658
3,1579651658
31,1878424319
3,1878424319
48,1878424319
62,1878424319
60,1878424319
30,1878424319
6,8440616252
29,8440616252
6,8478097732
28,8478800336
6,8478800336
77,8478800336
6,8478884963
54,8478884963
46,8478884963
59,8478884963
14,8478884963
39,8478884963
50,0600586898
2,1853260622
6,1853260622
8,1853260622
24,1853260622
12,1853260622
60,0060804157
3,0060804157
62,0060804157
48,0060804157
31,0060804157
3,0152012966
51,0152012966
8,0312283784
6,0312283784
16,0312283784
10,0312283784
39,0312283784
54,0312283784
38,0345297709
6,0345297709
28,0345297709
44,0345297709
49,0345297709
75,0345297709
41,0345297709
38,0345313097
6,0345313097
28,0345313097
44,0345313097
49,0345313097
75,0345313097
41,0345313097
38,0345335465
41,0345335465
6,0345335465
44,0345335465
49,0345335465
70,0345335465
38,0345416848
6,0345416848
70,0345416848
8,0345416848
44,0345416848
54,0385333404
6,0385333404
14,0385333404
46,0385333404
32,0385333404
28,0385333404
55,0385333404
6,044021145X
18,044021145X
16,044021145X
19,044021145X
17,044021145X
21,044021145X
20,044021145X
16,0449212084
6,0449212084
19,0449212084
20,0449212084
35,0449212084
52,0449212084
37,0590947257
6,0590947257
36,0590947257
61,0590947257
38,074345829X
38,0786913878
6,0786913878
44,0786913878
22,0786913878
1,0801491827
77,0801491827
3,0801491827
29,0801491827
27,0801491827
28,0843136685
6,0843136685
34,0843136685
76,0843136685
2,0866119531
6,0866119531
51,0866119531
37,0866119531
49,0866119531
8,0866119531
2,0866119566
6,0866119566
37,0866119566
8,0866119566
49,0866119566
36,0866119566
11,0866119566
37,0870441663
13,0870441663
3,0870441663
2,1561561428
6,1561561428
56,1561561428
41,1561561428
38,1561561428
27,1561561428
2,0553210092
6,0553210092
8,0553210092
27,0553210092
24,0553210092
38,0553258524
41,0553258524
49,0553258524
6,0553258524
44,0553258524
22,0553258524
56,0688163726
49,0688163726
37,0688163726
6,0688163726
38,0688163726
74,0688163726
6,1569471096
54,1569471096
28,1569471096
46,055358099X
6,055358099X
54,055358099X
64,055358099X
14,055358099X
55,055358099X
11,055358099X
6,0316168815
16,0316168815
49,0316168815
14,0316168815
38,0316168815
19,0316168815
18,0316168815
6,014023828X
14,014023828X
78,014023828X
27,014023828X
9,014023828X
11,014023828X
24,014023828X
6,0316314927
9,0316314927
14,0316314927
6,0345424719
14,0345424719
24,0345424719
11,0345424719
9,0345424719
25,0345424719
32,0345424719
6,0375414746
8,0375414746
53,0375414746
9,0375414746
10,0375414746
11,0375414746
6,0375726403
14,0375726403
9,0375726403
24,0375726403
11,0375726403
78,0375726403
39,0375726403
6,0385503857
41,0385503857
38,0385503857
7,0385503857
62,0425156842
6,0425156842
2,0425156842
49,0425156842
11,0425156842
38,0425156842
24,0425156842
6,0440226104
14,0440226104
39,0440226104
54,0440226104
11,0440226104
73,0440226104
6,0452277337
54,0452277337
82,0452277337
46,0452277337
14,0452277337
11,0452277337
28,0452277337
56,0553802488
6,0553802488
18,0553802488
16,0553802488
21,0553802488
20,0553802488
74,0553802488
6,0671021001
14,0671021001
54,0671021001
39,0671021001
69,0671021001
11,0671021001
32,0671021001
3,0767903579
66,0767903579
50,0767903579
68,0767903579
1,0767903579
67,0767903579
3,0805063897
35,0805063897
66,0805063897
8,0679777431
6,0679777431
10,0679777431
38,0679777431
22,0679777431
46,0679777431
6,0553285343
18,0553285343
16,0553285343
21,0553285343
6,0671002481
54,0671002481
28,0671002481
14,0671002481
46,0671002481
34,0671002481
80,0812523385
2,0812523385
3,0812523385
63,0812523385
25,0812523385
24,0812523385
43,0020199090
6,0020199090
42,0020199090
5,0020199090
48,0020199090
30,0020199090
6,0385495145
42,0385495145
5,0385495145
48,0385495145
80,0679733825
3,0679733825
77,0679733825
23,0679733825
15,0679733825
29,0679733825
6,0842329129
42,0842329129
43,0842329129
38,0842329129
5,0842329129
18,0842329129
6,0345451260
54,0345451260
39,0345451260
14,0345451260
28,0345451260
28,0380973545
3,0380973545
34,0380973545
32,0380973545
25,0380973545
23,0380973545
50,0393321576
1,0393321576
3,0393321576
35,0393321576
62,0393321576
56,0743424425
6,0743424425
18,0743424425
2,0743424425
38,0743424425
74,0743424425
16,0743424425
56,0786868015
6,0786868015
8,0786868015
74,0786868015
18,0786868015
16,0786868015
6,0446610178
18,0446610178
16,0446610178
21,0446610178
20,0446610178
11,0446610178
19,0446610178
6,0684854953
28,0684854953
49,0684854953
40,0684854953
39,0684854953
8,0743229878
6,0743229878
46,0743229878
10,0743229878
16,0743229878
32,0743229878
1,0380617625
3,0380617625
35,0380617625
50,0380617625
28,0380732335
6,0380732335
16,0380732335
19,0380732335
34,0380732335
18,0380732335
20,0380732335
16,0385337132
6,0385337132
20,0385337132
21,0385337132
19,0385337132
18,0385337132
57,0385337132
6,0440235057
19,0440235057
16,0440235057
18,0440235057
11,0440235057
20,0440235057
6,0445402040
19,0445402040
18,0445402040
16,0445402040
65,0445402040
20,0445402040
7,0618119760
14,0618119760
9,0618119760
6,0618119760
16,0871138646
8,0871138646
18,0871138646
6,0871138646
19,0871138646
4,0026329859
6,0060917016
23,0060917016
14,0060917016
24,0060917016
32,0060917016
9,0060917016
39,0060917016
6,0060925000
8,0060925000
2,0060925000
46,0060925000
10,0060925000
8,0060932759
6,0060932759
10,0060932759
46,0060932759
33,0060932759
11,0060932759
24,0060932759
16,0061000280
6,0061000280
20,0061000280
18,0061000280
19,0061000280
35,0061000280
57,0061000280
2,0192815318
6,0192815318
8,0192815318
63,0192815318
71,0192815318
40,0192815318
8,0312195516
6,0312195516
10,0312195516
5,0312195516
78,0312195516
77,0312195516
32,0312195516
16,0380792664
8,0380792664
6,0380792664
10,0380792664
80,0393048977
16,0399137807
6,0399137807
52,0399137807
51,0399137807
19,0399137807
40,0399137807
16,039914739X
6,039914739X
19,039914739X
18,039914739X
21,039914739X
20,039914739X
57,039914739X
6,0451203046
59,0451203046
54,0451203046
8,0451203046
46,0451203046
55,0451203046
16,0451410556
6,0451410556
71,0451410556
19,0451410556
57,0451410556
40,0451410556
52,0451410556
2,0451523318
6,0451523318
23,0451523318
56,0451523318
24,0451523318
25,0451523318
6,0486281965
2,0486281965
23,0486281965
63,0486281965
8,0486281965
24,0486281965
80,0486292940
2,0486292940
2,051762639X
6,051762639X
63,051762639X
24,051762639X
8,051762639X
71,051762639X
2,0684824442
6,0684824442
25,0684824442
26,0684824442
11,0684824442
9,0684824442
24,0684824442
16,0743458303
6,0743458303
40,0743458303
5,0743458303
20,0743458303
6,081296666X
28,081296666X
34,081296666X
14,081296666X
71,081296666X
54,081296666X
46,081296666X
5,0819215635
3,0819215635
48,0819215635
42,0819215635
80,0880011025
6,0880011025
80,1877727083
6,0312278586
54,0312278586
14,0312278586
28,0312278586
46,0312278586
39,0312278586
32,0312278586
6,8845229041
46,8845229041
62,8845229041
11,8845229041
48,8845229041
14,8845229041
24,8845229041
6,887641486X
14,887641486X
9,887641486X
11,887641486X
29,887641486X
37,0140370900
6,0140370900
28,0140370900
49,0140370900
23,0140370900
1,0674511255
50,0674511255
3,0674511255
12,0674511255
13,0030096189
4,0030096189
3,0030096189
3,0345374657
3,0395710901
60,0395710901
3,080521061X
3,0823032612
6,0679310002
7,0679310002
54,0312288115
6,0312288115
28,0312288115
32,0312288115
71,0312288115
39,0312288115
6,0316171107
16,0316171107
20,0316171107
11,0316171107
32,0316171107
19,0316171107
78,0316171107
16,0380710218
19,0380710218
6,0380710218
18,0380710218
20,0380710218
21,0380710218
16,0515118656
46,0515118656
18,0515118656
21,0515118656
6,0515118656
58,0515118656
20,0515118656
6,0553289063
16,0553289063
54,0553289063
46,0553289063
11,0553289063
25,0553289063
6,0671000306
22,0671000306
18,0671000306
65,0671000306
16,0671000306
21,0671000306
20,0671000306
16,0671673688
6,0671673688
21,0671673688
18,0671673688
20,0671673688
19,0671673688
32,0671673688
3,0425178242
15,0425178242
28,0425178242
9,0425178242
25,0425178242
6,0618173870
8,0618173870
14,0618173870
11,0618173870
24,0618173870
9,0618173870
33,0618173870
6,0156027321
38,0156027321
2,0156027321
22,0156027321
14,0156027321
33,0156027321
11,0156027321
6,0375403582
45,0375403582
46,0375403582
14,0375403582
11,0375403582
6,0385721420
78,0385721420
14,0385721420
9,0385721420
39,0385721420
11,0385721420
6,0451202341
14,0451202341
69,0451202341
39,0451202341
76,0451202341
9,0451202341
16,0451202341
54,0743418190
6,0743418190
46,0743418190
14,0743418190
39,0743418190
32,0743418190
28,0743418190
46,0385335407
6,0385335407
14,0385335407
54,0385335407
73,0385335407
6,0060923245
11,0060923245
14,0060923245
9,0060923245
24,0060923245
32,0060923245
27,0060923245
80,0486272664
2,0486272664
6,0486272664
24,0486272664
71,0486272664
27,0486272664
6,0060913509
12,0060913509
8,0060913509
11,0060913509
49,0060913509
69,0060913509
53,0060913509
46,0553272837
58,0553272837
16,0553272837
64,0553272837
6,0553272837
14,0553272837
21,0553272837
46,0440225078
58,0440225078
16,0440225078
21,0440225078
6,0440225078
64,0440225078
14,0440225078
16,0312145543
56,0425181111
6,0425181111
18,0425181111
21,0425181111
16,0425181111
41,0425181111
38,0425181111
16,0380732688
6,0380732688
19,0380732688
18,0380732688
20,0380732688
21,0380732688
6,0140286276
16,0140286276
14,0140286276
54,0140286276
39,0140286276
73,0140286276
32,0140286276
46,0373484100
58,0373484100
6,0373484100
16,0373484100
64,0373484100
21,0373484100
19,0373484100
6,0449907481
9,0449907481
14,0449907481
24,0449907481
11,0449907481
76,0449907481
39,0449907481
16,0553107305
6,0553107305
52,0553107305
20,0553107305
54,080213825X
6,080213825X
14,080213825X
46,080213825X
39,080213825X
23,080213825X
46,0515127833
58,0515127833
16,0515127833
6,0515127833
64,0515127833
21,0515127833
14,0515127833
6,0345441133
54,0345441133
46,0345441133
14,0345441133
73,0345441133
55,0345441133
39,0345441133
18,0515134279
56,0515134279
6,0515134279
19,0515134279
16,0515134279
20,0515134279
21,0515134279
6,0385490992
18,0385490992
16,0385490992
17,0385490992
19,0385490992
21,0385490992
6,0385424728
18,0385424728
16,0385424728
17,0385424728
19,0385424728
21,0385424728
20,0385424728
8,0312980388
6,0312980388
10,0312980388
38,0312980388
22,0312980388
18,0312980388
37,0590419625
28,0590419625
6,0590419625
27,0590419625
38,0590419625
6,0385472951
18,0385472951
16,0385472951
17,0385472951
21,0385472951
19,0385472951
20,0385472951
56,0451195663
18,0451195663
6,0451195663
21,0451195663
19,0451195663
16,0451195663
7,0451195663
16,0425182878
6,0425182878
18,0425182878
19,0425182878
20,0425182878
57,0425182878
21,0425182878
16,0553564528
18,0553564528
6,0553564528
21,0553564528
19,0553564528
58,0553564528
20,0553564528
16,055356451X
21,055356451X
6,055356451X
18,055356451X
19,055356451X
58,055356451X
20,055356451X
16,0743412621
6,0743412621
21,0743412621
18,0743412621
20,0743412621
19,0743412621
46,0743412621
6,0849943728
43,0849943728
18,0849943728
42,0849943728
16,0849943728
21,0849943728
56,0849943728
43,0849943450
6,0849943450
42,0849943450
14,0849943450
46,0849943450
22,0849943450
21,0849943450
43,084994371X
6,084994371X
42,084994371X
18,084994371X
38,084994371X
21,084994371X
16,084994371X
38,0590406019
6,0590406019
2,0590406019
49,0590406019
37,0590406019
42,0590406019
22,0590406019
38,0020442408
6,0020442408
2,0020442408
49,0020442408
37,0020442408
22,0020442408
42,0020442408
4,0553225987
3,0553225987
35,0553225987
1,0553225987
2,0553225987
6,042517736X
41,042517736X
18,042517736X
16,042517736X
20,042517736X
21,042517736X
3,0671868713
19,0671868713
16,0671868713
50,0671868713
40,0671868713
32,0671868713
6,038549825X
46,038549825X
72,038549825X
11,038549825X
3,0553202294
4,0553202294
48,0553202294
31,0553202294
60,0553202294
56,0345313860
38,0345313860
6,0345313860
74,0345313860
56,0345369947
38,0345369947
6,0345369947
74,0345369947
8,0345369947
46,0345369947
6,067170124X
6,0345353625
77,0345353625
14,0345353625
29,0345353625
11,0345353625
54,0345353625
31,0308102282
60,0308102282
3,0308102282
48,0308102282
62,0308102282
40,0308102282
6,006017143X
72,006017143X
16,006017143X
14,006017143X
81,006017143X
11,006017143X
3,0805056491
31,0805056491
4,0805056491
60,0805056491
56,0679401377
6,0679401377
16,0679401377
18,0679401377
19,0679401377
21,0679401377
20,0679401377
3,1562827049
1,1562827049
19,1562827049
16,1562827049
50,1562827049
56,1562827049
46,0385306032
6,0385306032
16,0385306032
54,0385306032
14,0385306032
73,0385306032
8,0385306032
6,0816152446
46,0816152446
73,0816152446
54,0816152446
8,0816152446
55,0816152446
14,0816152446
16,0821772953
18,0821772953
58,0821772953
21,0821772953
46,0821772953
6,0821772953
19,0821772953
16,0345379454
6,0345379454
52,0345379454
20,0345379454
28,0345379454
21,0345379454
32,0345379454
16,0553576925
74,0553576925
46,0553576925
21,0553576925
58,0553576925
6,0553576925
18,0553576925
66,0743206053
3,0743206053
50,0743206053
68,0743206053
67,0743206053
40,0743206053
32,0743206053
3,0688169678
50,0688169678
1,0688169678
66,0688169678
15,0688169678
77,0688169678
37,0439319552
27,0439319552
41,0439319552
6,0439319552
37,0307001164
51,0307001164
6,0307001164
2,0307001164
22,0307001164
37,0440441501
6,0440441501
37,0590687301
6,0590687301
51,0590687301
38,0590687301
36,0590687301
2,0590687301
41,0439061644
49,0439061644
6,0439061644
38,0439061644
22,0439061644
36,0439061644
37,0439569842
6,0439569842
51,0439569842
37,0307118703
3,0307118703
13,0307118703
16,0590418858
6,0590418858
37,0590418858
38,0812519655
79,0812519655
6,0812519655
16,0812519655
46,0812519655
74,0812519655
32,0812519655
38,0812524853
79,0812524853
74,0812524853
16,0812524853
6,0812524853
56,0812524853
75,0812524853
16,0449211770
6,0449211770
21,0449211770
20,0449211770
22,0449211770
52,0449211770
11,0449211770
35,193072229X
3,193072229X
15,193072229X
40,193072229X
38,0812521129
79,0812521129
74,0812521129
6,0812521129
16,0812521129
50,0345251733
3,0345251733
72,0345251733
16,0312995431
6,0312995431
20,0312995431
19,0312995431
40,0312995431
14,0312995431
46,0312995431
16,0312312628
6,0312312628
20,0312312628
40,0312312628
19,0312312628
46,0312312628
14,0312312628
6,0446394521
28,0446394521
53,0446394521
54,0446394521
8,0446394521
39,0446394521
69,0446394521
2,0590021117
8,0590021117
37,0590021117
6,0590021117
49,0590021117
10,0590021117
36,0590021117
3,068484267X
66,068484267X
50,068484267X
2,068484267X
59,068484267X
68,068484267X
67,068484267X
16,0553578693
18,0553578693
21,0553578693
6,0553578693
19,0553578693
20,0553578693
58,0553578693
37,0380709260
6,0380709260
51,0380709260
36,0380709260
61,0380709260
16,0807565288
37,0807565288
6,0807565288
36,0807565288
51,0807565288
16,0312986769
6,0312986769
20,0312986769
19,0312986769
18,0312986769
40,0312986769
46,0312986769
38,0345413377
49,0345413377
6,0345413377
37,0345413377
22,0345413377
41,0345413377
40,0345413377
38,0345413369
49,0345413369
6,0345413369
37,0345413369
22,0345413369
41,0345413369
40,0345413369
38,0679893105
49,0679893105
6,0679893105
37,0679893105
22,0679893105
41,0679893105
36,0679893105
16,0061096091
19,0061096091
18,0061096091
6,0061096091
16,0345369068
6,0345369068
8,0345369068
20,0345369068
53,0345369068
21,0345369068
16,0451184718
6,0451184718
8,0451184718
20,0451184718
53,0451184718
10,0451184718
40,0451184718
16,0449209121
6,0449209121
22,0449209121
52,0449209121
40,0449209121
28,0449209121
3,0060938455
35,0060938455
1,0060938455
13,0060938455
46,080411952X
58,080411952X
21,080411952X
14,080411952X
64,080411952X
6,080411952X
38,0060575808
49,0060575808
36,0060575808
6,0060575808
37,0060575808
46,0060575808
38,0060558865
49,0060558865
6,0060558865
46,0060558865
36,0060558865
37,0060558865
66,0767912918
3,0767912918
50,0767912918
67,0767912918
16,0553298860
52,0553298860
51,0553298860
6,0553298860
6,0385335679
23,0385335679
78,0385335679
11,0385335679
14,0385335679
32,0385335679
6,0440122090
59,0440122090
54,0440122090
46,0440122090
8,0440122090
14,0440122090
46,0671525832
64,0671525832
58,0671525832
14,0671525832
16,0671525832
6,0671525832
21,0671525832
41,0553279572
23,0553279572
6,0553279572
38,0553279572
56,0553279572
44,0553279572
2,0553279572
16,0061009059
6,0061009059
28,0061009059
54,0061009059
46,0061009059
19,0061009059
20,0061009059
2,0060930187
6,0060930187
77,0060930187
60,0060930187
24,0060930187
16,0679450432
6,0679450432
18,0679450432
19,0679450432
17,0679450432
20,0679450432
21,0679450432
46,0821775863
21,0821775863
6,0821775863
64,0821775863
16,0821775863
46,0821770209
6,0821770209
64,0821770209
16,0821770209
21,0821770209
14,0821770209
18,0821770209
16,0670855758
37,0670855758
6,0670855758
19,0670855758
41,0553562819
6,0553562819
23,0553562819
38,0553562819
44,0553562819
16,0446364193
6,0446364193
18,0446364193
19,0446364193
20,0446364193
21,0446364193
57,0446364193
31,0446519138
3,0446519138
48,0446519138
30,0446519138
60,0446519138
62,0446519138
6,0425179672
33,0425179672
16,0425179672
38,0425179672
14,0425179672
39,0425179672
11,0425179672
16,0061042943
6,0061042943
18,0061042943
17,0061042943
20,0061042943
21,0061042943
19,0061042943
3,0399144463
31,0399144463
60,0399144463
6,0965404560
8,0965404560
2,0965404560
46,0965404560
10,0965404560
12,0965404560
9,0965404560
3,006015781X
4,006015781X
28,006015781X
13,006015781X
1,006015781X
23,0060930705
6,0060930705
9,0060930705
54,0312206763
46,0312206763
6,0312206763
64,0312206763
14,0312206763
71,0312206763
40,0312206763
1,0316116025
13,0316116025
3,0316116025
62,0316116025
23,0156013967
16,0385314019
23,0385314019
6,0385314019
19,0385314019
20,0385314019
18,0385314019
6,0743444167
46,0743444167
28,0743444167
6,0618231617
14,0618231617
11,0618231617
9,0618231617
15,0811203220
6,0811203220
2,0811203220
24,0811203220
62,0811203220
23,0811203220
11,0811203220
3,1573229148
80,1573229148
31,1573229148
62,1573229148
48,1573229148
66,0425174484
3,0425174484
50,0425174484
48,0425174484
68,0425174484
78,0425174484
3,0385496907
1,0385496907
50,0385496907
35,0385496907
5,0385496907
3,0446523992
1,0446523992
35,0446523992
15,0446523992
50,0446523992
62,0446523992
2,0140185216
6,0140185216
45,0140185216
24,0140185216
11,0140185216
25,0140185216
22,0140185216
62,0684717255
5,0684717255
3,0684717255
48,0684717255
60,0684717255
2,0486272745
62,0486272745
3,0486272745
35,0486272745
1,0486272745
24,0486272745
66,0062507249
3,0062507249
72,0062507249
50,0062507249
81,0062507249
67,0062507249
2,0684801221
6,0684801221
24,0684801221
11,0684801221
25,0684801221
27,0684801221
22,0684801221
49,1576737357
43,1576737357
42,1576737357
6,1576737357
14,1576737357
61,1576737357
54,0060083298
46,0060083298
6,0060083298
14,0060083298
64,0060083298
39,0060083298
6,0446672211
54,0446672211
46,0446672211
14,0446672211
39,0446672211
32,0446672211
73,0446672211
6,0140293248
54,0140293248
23,0140293248
14,0140293248
46,0140293248
39,0140293248
28,0140293248
3,0807070718
1,0807070718
66,0807070718
50,0807070718
10,0807070718
6,0743213831
14,0743213831
6,0345305477
41,0345305477
11,0345305477
38,0345305477
44,0345305477
26,0345305477
24,0345305477
46,0061080519
47,0061080519
10,0061080519
8,0061080519
59,0061080519
6,0061080519
6,0142000205
8,0142000205
39,0142000205
14,0142000205
69,0142000205
11,0142000205
54,0142000205
6,0316735027
54,0316735027
14,0316735027
28,0316735027
11,0316735027
39,0316735027
24,0316735027
6,193156146X
46,193156146X
38,193156146X
41,193156146X
14,193156146X
32,193156146X
6,015600710X
46,015600710X
16,015600710X
14,015600710X
54,015600710X
21,015600710X
73,015600710X
6,0062517856
46,0062517856
14,0062517856
54,0062517856
32,0062517856
39,0062517856
66,0679767789
3,0679767789
50,0679767789
28,0679767789
67,0679767789
69,0679767789
6,0449911683
2,0449911683
8,0449911683
5,0449911683
24,0449911683
6,0425169626
14,0425169626
35,0425169626
11,0425169626
46,0425169626
6,0449207757
8,0449207757
5,0449207757
2,0449207757
24,0449207757
6,0449245691
5,0449245691
2,0449245691
8,0449245691
24,0449245691
6,0140029400
24,0140029400
11,0140029400
26,0140029400
14,0140029400
35,0140029400
6,0140021566
28,0140021566
11,0140021566
2,0140021566
6,2253004022
82,2253004022
2,2253004022
26,2253004022
11,2253004022
6,2253005274
2,2253005274
82,2253005274
26,2253005274
24,2253005274
11,2253005274
2,225300670X
6,225300670X
8,225300670X
12,225300670X
10,225300670X
24,225300670X
27,225300670X
6,2266084372
28,2266084372
8,2266084372
41,2266084372
71,2266084372
38,2266084372
41,2070362388
6,2070362388
82,2070362388
2,2070362388
45,2266029460
3,2266029460
22,2266029460
1,2266029460
50,2266029460
66,2266029460
80,2253007102
2,2253007102
82,2253007102
6,2253007102
63,2253007102
24,2253007102
41,2070417743
6,2070417743
2,2070417743
23,2070417743
38,2070417743
44,2070417743
40,2070417743
2,2070384349
82,2070384349
6,2070384349
63,2070384349
11,2070384349
6,207053880X
23,207053880X
2,207053880X
82,207053880X
62,207053880X
82,2070334368
6,2070334368
2,2070334368
37,2070334368
22,2070334368
1,2290314951
82,2290314951
3,2290314951
2,2290314951
41,229000510X
6,229000510X
44,229000510X
38,229000510X
2,229000510X
6,3492207006
8,3492207006
11,3492207006
10,3492207006
62,3492207006
2,0140620427
6,0140620427
46,0140620427
8,0140620427
24,0140620427
10,0140620427
40,0140620427
6,0385504209
16,0385504209
18,0385504209
20,0385504209
8,0385504209
21,0385504209
22,0385504209
46,0446525502
6,0446525502
54,0446525502
14,0446525502
32,0446525502
39,0446525502
64,0446525502
6,0399147012
18,0399147012
16,0399147012
65,0399147012
22,0399147012
21,0399147012
54,0670892963
6,0670892963
46,0670892963
28,0670892963
14,0670892963
71,0670892963
34,0670892963
6,0688180639
14,0688180639
8,0688180639
39,0688180639
76,0688180639
9,0688180639
32,0688180639
6,0316789089
54,0316789089
16,0316789089
14,0316789089
46,0316789089
39,0316789089
32,0316789089
6,0451197275
8,0451197275
12,0451197275
10,0451197275
28,0425184129
6,0425184129
16,0425184129
34,0425184129
19,0425184129
11,0425184129
57,0425184129
6,0151001006
8,0151001006
16,0151001006
10,0151001006
24,0151001006
11,0151001006
9,0151001006
6,0385505833
28,0385505833
14,0385505833
32,0385505833
39,0385505833
6,0679442790
8,0679442790
2,0679442790
46,0679442790
10,0679442790
6,0525943862
46,0525943862
32,0525943862
14,0525943862
6,0609605925
46,0609605925
54,0609605925
14,0609605925
64,0609605925
32,0609605925
76,0609605925
6,0060191929
54,0060191929
14,0060191929
46,0060191929
55,0060191929
78,0060191929
29,0060191929
16,0743206045
6,0743206045
18,0743206045
21,0743206045
20,0743206045
19,0743206045
6,0684864843
46,0684864843
54,0684864843
14,0684864843
55,0684864843
73,0684864843
32,0684864843
6,0684867818
46,0684867818
8,0684867818
43,0684867818
39,0684867818
30,0684867818
32,0684867818
46,0743406176
6,0743406176
82,0743406176
14,0743406176
38,0743406176
54,0743406176
6,0380978539
6,0679603352
2,0679603352
8,0679603352
24,0679603352
9,0679603352
11,0679603352
14,0679603352
2,0679410430
6,0679410430
24,0679410430
11,0679410430
46,0679410430
46,0446523569
6,0446523569
54,0446523569
14,0446523569
32,0446523569
39,0446523569
64,0446523569
66,0671042556
3,0671042556
50,0671042556
67,0671042556
68,0671042556
69,0671042556
76,0671042556
6,0679450440
16,0679450440
18,0679450440
35,0679450440
19,0679450440
17,0679450440
21,0679450440
6,0140107649
28,0140107649
72,0140107649
81,0140107649
34,0140107649
6,0609606727
46,0609606727
54,0609606727
14,0609606727
28,0609606727
32,0609606727
64,0609606727
46,0446527793
6,0446527793
54,0446527793
14,0446527793
32,0446527793
39,0446527793
64,0446527793
46,0446531332
6,0446531332
54,0446531332
14,0446531332
32,0446531332
39,0446531332
64,0446531332
6,1570717257
14,1570717257
46,1570717257
11,1570717257
76,1570717257
54,1570717257
28,1570717257
6,0060192631
6,0385420161
33,0385420161
46,0385420161
8,0385420161
2,0385420161
38,0385420161
38,0345339711
2,0345339711
6,0345339711
22,0345339711
70,0345339711
44,0345339711
6,052594463X
3,039304016X
1,039304016X
22,039304016X
50,039304016X
10,039304016X
46,0399147128
6,0399147128
64,0399147128
58,0399147128
14,0399147128
16,0399147128
21,0399147128
6,0670031046
43,0670031046
42,0670031046
39,0670031046
30,0670031046
14,0670031046
11,0670031046
6,0394574745
8,0394574745
2,0394574745
24,0394574745
11,0394574745
9,0394574745
46,0316969443
6,0316969443
54,0316969443
14,0316969443
32,0316969443
16,0316969443
39,0316969443
16,0743230051
6,0743230051
20,0743230051
21,0743230051
18,0743230051
16,0316693200
6,0316693200
19,0316693200
18,0316693200
20,0316693200
21,0316693200
6,0684868911
46,0684868911
54,0684868911
39,0684868911
43,0684868911
30,0684868911
6,0842336214
42,0842336214
43,0842336214
50,0399148582
3,0399148582
68,0399148582
66,0399148582
67,0399148582
25,0399148582
46,0684864320
6,0684864320
54,0684864320
64,0684864320
14,0684864320
55,0684864320
32,0684864320
6,0525944834
46,0525944834
14,0525944834
32,0525944834
46,0345428900
14,0345428900
64,0345428900
6,0345428900
54,0345428900
8,0451176812
6,0451176812
10,0451176812
32,0451176812
46,0451176812
16,0718144538
6,0718144538
18,0718144538
19,0718144538
21,0718144538
20,0718144538
71,0718144538
46,0446602086
8,0446602086
47,0446602086
10,0446602086
6,0446602086
16,0446602086
1,0394551427
3,0394551427
26,0394551427
12,0394551427
35,0394551427
6,0064407667
49,0064407667
37,0064407667
38,0064407667
36,0064407667
16,0064407667
22,0064407667
41,0007100221
28,0007100221
6,0007100221
38,0007100221
23,2253148539
82,2253148539
6,2253148539
38,2253148539
2,2253148539
6,2253043974
2,2253043974
33,2253043974
27,2253043974
24,2253043974
11,2253043974
6,0747549923
2,0747549923
25,0747549923
11,0747549923
24,0747549923
14,0747549923
28,0743462335
3,0743462335
34,0743462335
35,0743462335
6,0140253580
28,0140253580
11,0140253580
24,0140253580
71,0140253580
60,0140253580
56,0947782141
74,0947782141
3,0947782141
1,0947782141
10,0947782141
37,057120354X
6,057120354X
28,057120354X
36,057120354X
38,057120354X
49,057120354X
6,0349101779
56,0349101779
18,0349101779
14,0349101779
16,0349101779
2,0349101779
3,0743222229
28,0743222229
35,0743222229
1,0743222229
34,0743222229
3,185479549X
28,185479549X
2,0140292918
6,0140292918
27,0140292918
8,0140292918
24,0140292918
11,0140292918
37,1858813093
51,1858813093
16,2871290911
18,2871290911
57,2871290911
4,0198604025
3,0198604025
41,2253063339
6,2253063339
38,2253063339
82,2253063339
51,2253063339
11,2253063339
4,1860198597
3,1860198597
38,0767908473
6,0767908473
4,0767908473
75,0767908473
49,0767908473
37,0767908473
1,1842040154
3,1842040154
5,1842040154
4,1842040154
59,1842040154
38,0140622063
2,0140622063
23,0140622063
6,0140622063
37,0571209521
6,0571209521
28,0571209521
38,0571209521
36,0571209521
22,0571209521
16,0571209521
80,2264009306
82,2264009306
80,1841952931
28,0416196772
37,0416196772
6,0416196772
31,0416196772
62,0416196772
4,0416196772
49,0416196772
6,0375501347
9,0375501347
14,0375501347
69,0375501347
11,0375501347
39,0375501347
76,0375501347
6,0060927240
49,0060927240
14,0060927240
11,0060927240
69,0060927240
24,0060927240
9,0060927240
3,0316776963
28,0316776963
66,0316776963
15,0316776963
23,0316776963
34,0316776963
50,0316776963
81,156341029X
6,156341029X
72,156341029X
77,156341029X
2,156341029X
8,156341029X
38,0060934719
6,0060934719
46,0060934719
49,0060934719
22,0060934719
75,0060934719
40,0060934719
38,1886383421
72,1886383421
46,1886383421
41,1886383421
81,1886383421
6,1888451084
72,1888451084
81,1888451084
38,0451450256
72,0451450256
79,0451450256
6,0451450256
81,0451450256
44,0451450256
16,1555835953
6,1555835953
72,1555835953
38,1555835953
6,0395877563
81,0395877563
16,0395877563
72,0395877563
41,0962893862
72,0962893862
38,0962893862
6,0962893862
81,0962893862
6,1555834531
72,1555834531
81,1555834531
14,1555834531
59,1555834531
46,1555834531
66,0393318435
6,0889740828
72,0889740828
3,1563410443
77,1563410443
81,1563410443
15,1563410443
72,1563410443
66,1563410443
38,1563899388
6,1563899388
49,1563899388
6,1563411148
16,0553579681
6,0553579681
19,0553579681
16,0553579673
6,0553579673
72,0553579673
19,0553579673
18,0553579673
56,0451181379
6,0451181379
18,0451181379
21,0451181379
16,0451181379
74,0451181379
20,0451181379
28,0786889160
3,0786889160
34,0786889160
50,0786889160
66,0786889160
68,0786889160
38,0345370740
6,0345370740
44,0345370740
70,0345370740
22,0345370740
75,0345370740
41,0553574175
6,0553574175
38,0553574175
44,0553574175
22,0553574175
41,0553574167
6,0553574167
38,0553574167
44,0553574167
22,0553574167
41,0553574159
6,0553574159
38,0553574159
22,0553574159
44,0553574159
6,0312287240
38,0679801146
49,0679801146
6,0679801146
75,0679801146
22,0679801146
36,0679801146
6,0446300101
24,0446300101
39,0446300101
11,0446300101
14,0446300101
9,0446300101
47,0821750410
46,0821750410
10,0821750410
56,0425142485
6,0425142485
18,0425142485
21,0425142485
16,0425142485
20,0425142485
38,0451456548
16,0451456548
79,0451456548
41,0451456548
49,0060006048
38,0060006048
6,0060006048
75,0060006048
74,0060006048
41,0312906552
6,0312906552
2,0312906552
44,0312906552
41,0440117291
38,0440117291
6,0440117291
44,0440117291
41,0425049981
6,0425049981
38,0425049981
44,0425049981
49,0374386676
72,0374386676
6,0374386676
81,0374386676
61,0374386676
14,0374386676
6,0786886463
16,0786886463
72,0786886463
56,0786886463
18,0786886463
14,0786886463
41,0345395379
6,0345395379
72,0345395379
81,0345395379
38,0380788497
79,0380788497
6,0380788497
44,0380788497
41,0380788497
16,0307215342
49,0307215342
6,0307215342
37,0307215342
36,0307215342
20,0307215342
72,0374343381
81,0374343381
49,0374343381
6,0374343381
6,0345403339
53,0345403339
14,0345403339
8,0345403339
39,0345403339
24,0345403339
48,0345403339
49,0440226694
61,0440226694
6,0440226694
36,0440226694
76,0440226694
49,0440219604
61,0440219604
6,0440219604
36,0440219604
3,0767903285
66,0767903285
67,0767903285
3,0345429176
1,0345429176
28,0345429176
35,0345429176
74,0345429176
34,0345429176
56,038529929X
6,038529929X
18,038529929X
19,038529929X
16,038529929X
20,038529929X
21,038529929X
6,1573229571
14,1573229571
28,1573229571
11,1573229571
71,1573229571
34,1573229571
32,1573229571
41,0345418778
6,0345418778
28,0345418778
38,0345418778
34,0345418778
44,0345418778
2,0345418778
6,0517201658
8,0517201658
46,0517201658
2,0517201658
10,0517201658
47,0517201658
56,0743211383
6,0743211383
41,0743211383
18,0743211383
38,0743211383
16,039914370X
6,039914370X
57,039914370X
19,039914370X
18,039914370X
20,039914370X
4,1884777805
16,0312977905
51,0312977905
6,0312977905
52,0312977905
8,0812521331
6,0812521331
10,0812521331
38,0812521331
22,0812521331
56,0451205421
6,0451205421
18,0451205421
21,0451205421
16,0451205421
74,0451205421
20,0451205421
6,0440218535
16,0440218535
19,0440218535
18,0440218535
20,0440218535
28,0449207595
3,0449207595
34,0449207595
66,0449207595
15,0449207595
50,0449207595
32,0449207595
6,039457513X
8,039457513X
19,039457513X
9,039457513X
25,039457513X
24,039457513X
11,039457513X
1,0394559487
3,0394559487
82,0394559487
35,0394559487
6,0804001944
8,0804001944
2,0804001944
49,0590897985
6,0590897985
51,0590897985
37,0590897985
36,0590897985
61,0590897985
38,0590897985
38,0689832877
49,0689832877
51,0689832877
6,0689832877
37,0689832877
36,0689832877
22,0689832877
8,0689829698
37,0689829698
2,0689829698
6,0689829698
49,0689829698
36,0689829698
10,0689829698
41,0439042917
49,0439042917
6,0439042917
38,0439042917
37,0439042917
36,0439042917
38,0064409457
6,0064409457
2,0064409457
49,0064409457
37,0064409457
42,0064409457
22,0064409457
38,0064405052
2,0064405052
6,0064405052
49,0064405052
37,0064405052
36,0064405052
22,0064405052
38,043922165X
36,043922165X
75,043922165X
37,043922165X
6,043922165X
49,043922165X
22,043922165X
38,0152162577
49,0152162577
6,0152162577
75,0152162577
79,0152162577
37,0152162577
36,0152162577
38,015216250X
49,015216250X
6,015216250X
75,015216250X
79,015216250X
36,015216250X
37,015216250X
37,1562477528
6,1562477528
36,1562477528
61,1562477528
38,0439221676
36,0439221676
37,0439221676
75,0439221676
6,0439221676
49,0439221676
22,0439221676
38,0439221684
36,0439221684
37,0439221684
6,0439221684
75,0439221684
49,0439221684
22,0439221684
38,0439221714
36,0439221714
6,0439221714
75,0439221714
37,0439221714
49,0439221714
38,0439221706
36,0439221706
6,0439221706
75,0439221706
37,0439221706
49,0439221706
22,0439221706
38,0439221730
36,0439221730
6,0439221730
75,0439221730
37,0439221730
49,0439221730
22,0439221730
8,0440415993
49,0440415993
10,0440415993
6,0440415993
27,0440415993
3,0895872102
74,0895872102
1,0895872102
61,068983585X
6,068983585X
37,068983585X
36,068983585X
27,068983585X
49,068983585X
76,068983585X
41,0345391802
6,0345391802
28,0345391802
2,0345391802
38,0345391802
34,0345391802
44,0345391802
49,0440219078
6,0440219078
2,0440219078
41,0440219078
38,0440219078
27,0440219078
50,185424597X
42,185424597X
3,185424597X
66,185424597X
1,2080105434
6,3257201761
19,3257201761
16,3257201761
18,3257201761
21,3257201761
6,3404121686
8,3404121686
18,3404121686
16,3404121686
10,3404121686
21,3404121686
22,3404121686
8,3404118960
6,3404118960
10,3404118960
38,3404118960
2,3404118960
40,3404118960
38,0345356578
6,0345356578
44,0345356578
41,0345356578
70,0345356578
46,0345356578
38,0345346971
6,0345346971
44,0345346971
46,0345346971
41,0345346971
70,0345346971
6,0753804700
8,0753804700
2,0753804700
46,0753804700
10,0753804700
56,0451155750
6,0451155750
18,0451155750
38,0451155750
41,0451155750
74,0451155750
16,0451155750
56,0786890436
6,0786890436
8,0786890436
74,0786890436
18,0786890436
16,0786890436
1,0521427150
1,0812923278
3,0812923278
35,0812923278
56,0884111342
2,0884111342
6,0884111342
38,0884111342
16,0884111342
24,0884111342
41,0345428544
6,0345428544
38,0345428544
44,0345428544
12,0345428544
6,0671694049
38,0671694049
41,0671694049
28,0671694049
16,0671694049
34,0671694049
44,0671694049
23,080901582X
2,080901582X
6,080901582X
24,080901582X
16,0449006557
8,0449006557
6,0449006557
10,0449006557
20,0449006557
19,0449006557
54,0380820447
46,0380820447
6,0380820447
14,0380820447
28,0380820447
55,0380820447
1,0385497679
3,0385497679
38,0451454243
6,0451454243
8,0451454243
10,0451454243
44,0451454243
80,0941423042
46,0373871562
43,0373871562
23,0553101439
6,0553101439
8,0553101439
65,0553101439
40,0553101439
11,0553101439
3,0835949362
42,0880701102
5,0880701102
3,0880701102
6,039914563X
18,039914563X
65,039914563X
21,039914563X
22,039914563X
41,0312853238
49,0312853238
38,0312853238
2,0312853238
44,0312853238
12,0312853238
4,0688048730
3,0688048730
31,0688048730
6,0425161722
18,0425161722
41,0425161722
65,0425161722
16,0425161722
22,0425161722
6,0385493800
18,0385493800
16,0385493800
17,0385493800
21,0385493800
19,0385493800
20,0385493800
35,067175145X
3,067175145X
62,067175145X
28,067175145X
68,067175145X
50,067175145X
6,0440211727
16,0440211727
18,0440211727
19,0440211727
21,0440211727
17,0440211727
20,0440211727
2,0380002450
6,0380002450
77,0380002450
27,0380002450
24,0380002450
8,0380002450
80,0394178017
6,0425134350
18,0425134350
16,0425134350
21,0425134350
65,0425134350
3,0385479689
13,0385479689
19,0385479689
8,0380538504
49,0380538504
6,0380538504
10,0380538504
46,0380538504
16,0380538504
37,0380538504
16,044661162X
6,044661162X
19,044661162X
18,044661162X
21,044661162X
20,044661162X
57,044661162X
46,0671742566
64,0671742566
14,0671742566
6,0671742566
47,0671742566
54,0671742566
32,0671742566
16,0515122408
6,0515122408
52,0515122408
51,0515122408
19,0515122408
40,0515122408
16,0440222818
6,0440222818
18,0440222818
17,0440222818
19,0440222818
20,0440222818
21,0440222818
8,0451204050
6,0451204050
10,0451204050
11,0451204050
12,0451204050
6,038533334X
14,038533334X
9,038533334X
11,038533334X
78,038533334X
59,038533334X
6,0449131548
46,0449131548
6,0440120470
11,0440120470
16,0451188209
6,0451188209
52,0451188209
19,0451188209
20,0451188209
6,0440130913
8,0440130913
46,0440130913
73,0440130913
76,0440130913
10,0440130913
16,0449001954
6,0449001954
19,0449001954
20,0449001954
18,0449001954
39,0449001954
52,0449001954
6,0345404777
18,0345404777
16,0345404777
17,0345404777
35,0345404777
19,0345404777
21,0345404777
6,0451185277
14,0451185277
54,0451185277
46,0451185277
73,0451185277
64,0451185277
55,0451185277
46,0440224829
6,0440224829
8,0440224829
10,0440224829
54,0440224829
11,0440224829
14,0440224829
46,0671779338
47,0671779338
10,0671779338
8,0671779338
6,0671779338
46,0515134368
47,0515134368
10,0515134368
8,0515134368
6,0515134368
38,0380759497
6,0380759497
28,0380759497
44,0380759497
49,0380759497
41,0380759497
75,0380759497
56,3442098424
38,3442098424
6,3442098424
74,3442098424
50,0394578791
3,0394578791
66,0394578791
1,0394578791
68,0394578791
67,0394578791
6,1558505377
8,1558505377
38,1558505377
46,0373245696
3,0743201078
60,0743201078
2,068983571X
16,068983571X
6,068983571X
19,068983571X
57,068983571X
20,068983571X
18,068983571X
16,0553256785
6,0553256785
19,0553256785
2,0553256785
20,0553256785
57,0553256785
71,0553256785
16,0892967994
6,0892967994
20,0892967994
56,0061064505
37,0061064505
58,1551668785
16,1551668785
13,0381999866
16,0380817144
8,0380817144
6,0380817144
10,0380817144
22,0380817144
47,0380752115
46,0380752115
10,0380752115
8,0380752115
6,0380752115
71,0380752115
2,0553212583
6,0553212583
46,0553212583
24,0553212583
8,0553212583
63,0553212583
6,0446364762
18,0446364762
16,0446364762
46,0446364762
21,0446364762
20,0446364762
14,0446364762
6,0425166619
18,0425166619
16,0425166619
21,0425166619
41,0425166619
20,0425166619
6,061312975X
43,061312975X
42,061312975X
38,061312975X
18,061312975X
5,061312975X
48,061312975X
3,0765341972
74,0765341972
56,0765341972
16,0765341972
1,0765341972
3,0590514776
46,0373037430
